"Date Printed: Wednesday, April 7, 2021 2:59:02 PM",,,,,,,
Title: Gonorrhea | 2018 | Alabama | Alaska | Arizona | Arkansas | California | Colorado | Connecticut | Delaware | District of Columbia | Florida | Georgia | Hawaii | Idaho | Illinois | Indiana | Iowa | Kansas | Kentucky | Louisiana | Maine | Maryland | Massachusetts | Michigan | Minnesota | Mississippi | Missouri | Montana | Nebraska | Nevada | New Hampshire | New Jersey | New Mexico | New York | North Carolina | North Dakota | Ohio | Oklahoma | Oregon | Pennsylvania | Rhode Island | South Carolina | South Dakota | Tennessee | Texas | Utah | Vermont | Virginia | Washington | West Virginia | Wisconsin | Wyoming | All races/ethnicities | Female | Male | 0-14 | 15-19 | 20-24 | 25-29 | 30-34 | 35-39 | 40-44 | 45-54 | 55-64 | 65+,,,,,,,
,,,,,,,
NA - Not applicable,,,,,,,
,,,,,,,
,,,,,,,
Indicator,Year,Geography,FIPS,Sex,Age Group,Cases,Rate per 100000
Gonorrhea,2018,Alabama,1,Male,65+,21,6
Gonorrhea,2018,Alabama,1,Male,55-64,128,41.4
Gonorrhea,2018,Alabama,1,Male,45-54,317,102.4
Gonorrhea,2018,Alabama,1,Male,40-44,325,231.7
Gonorrhea,2018,Alabama,1,Male,35-39,483,328.9
Gonorrhea,2018,Alabama,1,Male,30-34,785,531.8
Gonorrhea,2018,Alabama,1,Male,25-29,"1,433",854.3
Gonorrhea,2018,Alabama,1,Male,20-24,"1,979",1189.5
Gonorrhea,2018,Alabama,1,Male,15-19,"1,061",656
Gonorrhea,2018,Alabama,1,Male,0-14,20,4.3
Gonorrhea,2018,Alabama,1,Female,65+,14,3.1
Gonorrhea,2018,Alabama,1,Female,55-64,18,5.3
Gonorrhea,2018,Alabama,1,Female,45-54,82,25.1
Gonorrhea,2018,Alabama,1,Female,40-44,118,79
Gonorrhea,2018,Alabama,1,Female,35-39,277,178.4
Gonorrhea,2018,Alabama,1,Female,30-34,503,325.5
Gonorrhea,2018,Alabama,1,Female,25-29,"1,121",657.8
Gonorrhea,2018,Alabama,1,Female,20-24,"2,098",1285.3
Gonorrhea,2018,Alabama,1,Female,15-19,"1,808",1151.1
Gonorrhea,2018,Alabama,1,Female,0-14,79,17.8
Gonorrhea,2018,Alaska,2,Male,65+,7,17
Gonorrhea,2018,Alaska,2,Male,55-64,51,103.8
Gonorrhea,2018,Alaska,2,Male,45-54,96,200.6
Gonorrhea,2018,Alaska,2,Male,40-44,87,388.9
Gonorrhea,2018,Alaska,2,Male,35-39,159,604.8
Gonorrhea,2018,Alaska,2,Male,30-34,217,714.8
Gonorrhea,2018,Alaska,2,Male,25-29,274,813.1
Gonorrhea,2018,Alaska,2,Male,20-24,223,709.1
Gonorrhea,2018,Alaska,2,Male,15-19,74,299.5
Gonorrhea,2018,Alaska,2,Male,0-14,1,1.3
Gonorrhea,2018,Alaska,2,Female,65+,1,2.4
Gonorrhea,2018,Alaska,2,Female,55-64,9,19.5
Gonorrhea,2018,Alaska,2,Female,45-54,40,92.1
Gonorrhea,2018,Alaska,2,Female,40-44,44,215.5
Gonorrhea,2018,Alaska,2,Female,35-39,111,459.9
Gonorrhea,2018,Alaska,2,Female,30-34,175,644.9
Gonorrhea,2018,Alaska,2,Female,25-29,266,916.6
Gonorrhea,2018,Alaska,2,Female,20-24,247,1061.5
Gonorrhea,2018,Alaska,2,Female,15-19,153,692.5
Gonorrhea,2018,Alaska,2,Female,0-14,11,14.5
Gonorrhea,2018,Arizona,4,Male,65+,61,11
Gonorrhea,2018,Arizona,4,Male,55-64,206,51.1
Gonorrhea,2018,Arizona,4,Male,45-54,606,144.3
Gonorrhea,2018,Arizona,4,Male,40-44,439,211.5
Gonorrhea,2018,Arizona,4,Male,35-39,742,328
Gonorrhea,2018,Arizona,4,Male,30-34,"1,164",493.9
Gonorrhea,2018,Arizona,4,Male,25-29,"1,726",665.1
Gonorrhea,2018,Arizona,4,Male,20-24,"1,832",725.8
Gonorrhea,2018,Arizona,4,Male,15-19,723,302.5
Gonorrhea,2018,Arizona,4,Male,0-14,8,1.2
Gonorrhea,2018,Arizona,4,Female,65+,7,1.1
Gonorrhea,2018,Arizona,4,Female,55-64,37,8.3
Gonorrhea,2018,Arizona,4,Female,45-54,208,48.6
Gonorrhea,2018,Arizona,4,Female,40-44,233,113
Gonorrhea,2018,Arizona,4,Female,35-39,468,214.1
Gonorrhea,2018,Arizona,4,Female,30-34,781,354.5
Gonorrhea,2018,Arizona,4,Female,25-29,"1,119",465.4
Gonorrhea,2018,Arizona,4,Female,20-24,"1,502",647.7
Gonorrhea,2018,Arizona,4,Female,15-19,941,412.1
Gonorrhea,2018,Arizona,4,Female,0-14,36,5.4
Gonorrhea,2018,Arkansas,5,Male,65+,15,6.7
Gonorrhea,2018,Arkansas,5,Male,55-64,53,28.9
Gonorrhea,2018,Arkansas,5,Male,45-54,144,78
Gonorrhea,2018,Arkansas,5,Male,40-44,143,163.9
Gonorrhea,2018,Arkansas,5,Male,35-39,302,318.4
Gonorrhea,2018,Arkansas,5,Male,30-34,457,480.9
Gonorrhea,2018,Arkansas,5,Male,25-29,736,711.4
Gonorrhea,2018,Arkansas,5,Male,20-24,"1,065",1030.4
Gonorrhea,2018,Arkansas,5,Male,15-19,591,582.4
Gonorrhea,2018,Arkansas,5,Male,0-14,5,1.7
Gonorrhea,2018,Arkansas,5,Female,65+,5,1.8
Gonorrhea,2018,Arkansas,5,Female,55-64,15,7.6
Gonorrhea,2018,Arkansas,5,Female,45-54,60,31.6
Gonorrhea,2018,Arkansas,5,Female,40-44,94,105.3
Gonorrhea,2018,Arkansas,5,Female,35-39,208,219.3
Gonorrhea,2018,Arkansas,5,Female,30-34,395,416.3
Gonorrhea,2018,Arkansas,5,Female,25-29,720,705.3
Gonorrhea,2018,Arkansas,5,Female,20-24,"1,256",1262.7
Gonorrhea,2018,Arkansas,5,Female,15-19,987,1019.2
Gonorrhea,2018,Arkansas,5,Female,0-14,48,16.8
Gonorrhea,2018,California,6,Male,65+,342,14
Gonorrhea,2018,California,6,Male,55-64,"2,082",90.1
Gonorrhea,2018,California,6,Male,45-54,"5,250",204.2
Gonorrhea,2018,California,6,Male,40-44,"3,908",311.7
Gonorrhea,2018,California,6,Male,35-39,"6,415",466.2
Gonorrhea,2018,California,6,Male,30-34,"9,377",630.3
Gonorrhea,2018,California,6,Male,25-29,"12,241",757
Gonorrhea,2018,California,6,Male,20-24,"9,992",699.1
Gonorrhea,2018,California,6,Male,15-19,"2,821",215.6
Gonorrhea,2018,California,6,Male,0-14,47,1.2
Gonorrhea,2018,California,6,Female,65+,62,2
Gonorrhea,2018,California,6,Female,55-64,363,14.8
Gonorrhea,2018,California,6,Female,45-54,"1,231",47.5
Gonorrhea,2018,California,6,Female,40-44,"1,270",101.1
Gonorrhea,2018,California,6,Female,35-39,"2,208",165.1
Gonorrhea,2018,California,6,Female,30-34,"3,668",260.9
Gonorrhea,2018,California,6,Female,25-29,"5,813",384.2
Gonorrhea,2018,California,6,Female,20-24,"7,443",556.1
Gonorrhea,2018,California,6,Female,15-19,"4,141",330.2
Gonorrhea,2018,California,6,Female,0-14,156,4.2
Gonorrhea,2018,Colorado,8,Male,65+,17,4.8
Gonorrhea,2018,Colorado,8,Male,55-64,156,45.2
Gonorrhea,2018,Colorado,8,Male,45-54,392,108.6
Gonorrhea,2018,Colorado,8,Male,40-44,344,186.4
Gonorrhea,2018,Colorado,8,Male,35-39,606,293.9
Gonorrhea,2018,Colorado,8,Male,30-34,960,427.8
Gonorrhea,2018,Colorado,8,Male,25-29,"1,248",543.9
Gonorrhea,2018,Colorado,8,Male,20-24,"1,171",590.3
Gonorrhea,2018,Colorado,8,Male,15-19,406,221.3
Gonorrhea,2018,Colorado,8,Male,0-14,5,0.9
Gonorrhea,2018,Colorado,8,Female,65+,3,0.7
Gonorrhea,2018,Colorado,8,Female,55-64,29,8
Gonorrhea,2018,Colorado,8,Female,45-54,104,29.4
Gonorrhea,2018,Colorado,8,Female,40-44,166,95.5
Gonorrhea,2018,Colorado,8,Female,35-39,304,155.8
Gonorrhea,2018,Colorado,8,Female,30-34,521,253.1
Gonorrhea,2018,Colorado,8,Female,25-29,707,335.3
Gonorrhea,2018,Colorado,8,Female,20-24,989,552.6
Gonorrhea,2018,Colorado,8,Female,15-19,740,427.8
Gonorrhea,2018,Colorado,8,Female,0-14,26,5.1
Gonorrhea,2018,Connecticut,9,Male,65+,32,12.2
Gonorrhea,2018,Connecticut,9,Male,55-64,136,55.1
Gonorrhea,2018,Connecticut,9,Male,45-54,283,114
Gonorrhea,2018,Connecticut,9,Male,40-44,179,177.3
Gonorrhea,2018,Connecticut,9,Male,35-39,300,282.9
Gonorrhea,2018,Connecticut,9,Male,30-34,414,372.2
Gonorrhea,2018,Connecticut,9,Male,25-29,673,583.2
Gonorrhea,2018,Connecticut,9,Male,20-24,693,540.3
Gonorrhea,2018,Connecticut,9,Male,15-19,283,225.8
Gonorrhea,2018,Connecticut,9,Male,0-14,7,2.3
Gonorrhea,2018,Connecticut,9,Female,65+,5,1.5
Gonorrhea,2018,Connecticut,9,Female,55-64,16,6.1
Gonorrhea,2018,Connecticut,9,Female,45-54,67,25.4
Gonorrhea,2018,Connecticut,9,Female,40-44,52,49.1
Gonorrhea,2018,Connecticut,9,Female,35-39,120,109.3
Gonorrhea,2018,Connecticut,9,Female,30-34,210,190.2
Gonorrhea,2018,Connecticut,9,Female,25-29,378,352.7
Gonorrhea,2018,Connecticut,9,Female,20-24,571,476.3
Gonorrhea,2018,Connecticut,9,Female,15-19,490,409.1
Gonorrhea,2018,Connecticut,9,Female,0-14,28,9.5
Gonorrhea,2018,Delaware,10,Male,65+,8,10.3
Gonorrhea,2018,Delaware,10,Male,55-64,46,73.7
Gonorrhea,2018,Delaware,10,Male,45-54,90,149.3
Gonorrhea,2018,Delaware,10,Male,40-44,44,173.3
Gonorrhea,2018,Delaware,10,Male,35-39,89,314.3
Gonorrhea,2018,Delaware,10,Male,30-34,132,433.2
Gonorrhea,2018,Delaware,10,Male,25-29,191,556.3
Gonorrhea,2018,Delaware,10,Male,20-24,270,891.4
Gonorrhea,2018,Delaware,10,Male,15-19,86,280.7
Gonorrhea,2018,Delaware,10,Male,0-14,2,2.3
Gonorrhea,2018,Delaware,10,Female,65+,2,2.1
Gonorrhea,2018,Delaware,10,Female,55-64,6,8.5
Gonorrhea,2018,Delaware,10,Female,45-54,27,41.4
Gonorrhea,2018,Delaware,10,Female,40-44,26,96.2
Gonorrhea,2018,Delaware,10,Female,35-39,40,135.3
Gonorrhea,2018,Delaware,10,Female,30-34,84,274.9
Gonorrhea,2018,Delaware,10,Female,25-29,162,477.6
Gonorrhea,2018,Delaware,10,Female,20-24,233,793.6
Gonorrhea,2018,Delaware,10,Female,15-19,143,478.2
Gonorrhea,2018,Delaware,10,Female,0-14,5,6
Gonorrhea,2018,District of Columbia,11,Male,65+,22,64.3
Gonorrhea,2018,District of Columbia,11,Male,55-64,99,298.7
Gonorrhea,2018,District of Columbia,11,Male,45-54,222,579.5
Gonorrhea,2018,District of Columbia,11,Male,40-44,180,862.7
Gonorrhea,2018,District of Columbia,11,Male,35-39,354,1198.5
Gonorrhea,2018,District of Columbia,11,Male,30-34,627,1661.3
Gonorrhea,2018,District of Columbia,11,Male,25-29,772,2002.5
Gonorrhea,2018,District of Columbia,11,Male,20-24,523,2137
Gonorrhea,2018,District of Columbia,11,Male,15-19,183,1045.7
Gonorrhea,2018,District of Columbia,11,Male,0-14,4,7.3
Gonorrhea,2018,District of Columbia,11,Female,65+,0,0
Gonorrhea,2018,District of Columbia,11,Female,55-64,3,8.1
Gonorrhea,2018,District of Columbia,11,Female,45-54,27,71.2
Gonorrhea,2018,District of Columbia,11,Female,40-44,23,108.3
Gonorrhea,2018,District of Columbia,11,Female,35-39,48,157.9
Gonorrhea,2018,District of Columbia,11,Female,30-34,90,217.3
Gonorrhea,2018,District of Columbia,11,Female,25-29,260,579.1
Gonorrhea,2018,District of Columbia,11,Female,20-24,397,1364.2
Gonorrhea,2018,District of Columbia,11,Female,15-19,327,1684
Gonorrhea,2018,District of Columbia,11,Female,0-14,30,55.6
Gonorrhea,2018,Florida,12,Male,65+,151,7.9
Gonorrhea,2018,Florida,12,Male,55-64,693,52.5
Gonorrhea,2018,Florida,12,Male,45-54,"1,517",111.8
Gonorrhea,2018,Florida,12,Male,40-44,"1,153",188.9
Gonorrhea,2018,Florida,12,Male,35-39,"1,750",274.5
Gonorrhea,2018,Florida,12,Male,30-34,"2,946",441.8
Gonorrhea,2018,Florida,12,Male,25-29,"4,521",624.3
Gonorrhea,2018,Florida,12,Male,20-24,"4,896",752.7
Gonorrhea,2018,Florida,12,Male,15-19,"2,049",332.7
Gonorrhea,2018,Florida,12,Male,0-14,28,1.6
Gonorrhea,2018,Florida,12,Female,65+,17,0.7
Gonorrhea,2018,Florida,12,Female,55-64,113,7.7
Gonorrhea,2018,Florida,12,Female,45-54,298,21.1
Gonorrhea,2018,Florida,12,Female,40-44,346,55.2
Gonorrhea,2018,Florida,12,Female,35-39,736,114.4
Gonorrhea,2018,Florida,12,Female,30-34,"1,338",204.6
Gonorrhea,2018,Florida,12,Female,25-29,"2,607",373.7
Gonorrhea,2018,Florida,12,Female,20-24,"4,308",696.3
Gonorrhea,2018,Florida,12,Female,15-19,"3,063",521.1
Gonorrhea,2018,Florida,12,Female,0-14,110,6.5
Gonorrhea,2018,Georgia,13,Male,65+,53,8.6
Gonorrhea,2018,Georgia,13,Male,55-64,278,46.3
Gonorrhea,2018,Georgia,13,Male,45-54,712,103.2
Gonorrhea,2018,Georgia,13,Male,40-44,617,191.2
Gonorrhea,2018,Georgia,13,Male,35-39,"1,078",319.5
Gonorrhea,2018,Georgia,13,Male,30-34,"1,838",536.7
Gonorrhea,2018,Georgia,13,Male,25-29,"3,025",801.7
Gonorrhea,2018,Georgia,13,Male,20-24,"3,095",843.9
Gonorrhea,2018,Georgia,13,Male,15-19,"1,351",366.3
Gonorrhea,2018,Georgia,13,Male,0-14,18,1.7
Gonorrhea,2018,Georgia,13,Female,65+,7,0.9
Gonorrhea,2018,Georgia,13,Female,55-64,41,6.2
Gonorrhea,2018,Georgia,13,Female,45-54,148,20.3
Gonorrhea,2018,Georgia,13,Female,40-44,228,65.7
Gonorrhea,2018,Georgia,13,Female,35-39,467,129.7
Gonorrhea,2018,Georgia,13,Female,30-34,930,261.9
Gonorrhea,2018,Georgia,13,Female,25-29,"1,892",500
Gonorrhea,2018,Georgia,13,Female,20-24,"2,919",830.2
Gonorrhea,2018,Georgia,13,Female,15-19,"2,005",564.9
Gonorrhea,2018,Georgia,13,Female,0-14,76,7.5
Gonorrhea,2018,Hawaii,15,Male,65+,10,8.7
Gonorrhea,2018,Hawaii,15,Male,55-64,30,33.4
Gonorrhea,2018,Hawaii,15,Male,45-54,98,112.1
Gonorrhea,2018,Hawaii,15,Male,40-44,67,158
Gonorrhea,2018,Hawaii,15,Male,35-39,105,215.9
Gonorrhea,2018,Hawaii,15,Male,30-34,155,297.8
Gonorrhea,2018,Hawaii,15,Male,25-29,222,396.8
Gonorrhea,2018,Hawaii,15,Male,20-24,209,399.9
Gonorrhea,2018,Hawaii,15,Male,15-19,60,151
Gonorrhea,2018,Hawaii,15,Male,0-14,0,0
Gonorrhea,2018,Hawaii,15,Female,65+,1,0.7
Gonorrhea,2018,Hawaii,15,Female,55-64,8,8.6
Gonorrhea,2018,Hawaii,15,Female,45-54,28,32
Gonorrhea,2018,Hawaii,15,Female,40-44,21,50.6
Gonorrhea,2018,Hawaii,15,Female,35-39,66,140.9
Gonorrhea,2018,Hawaii,15,Female,30-34,73,148.9
Gonorrhea,2018,Hawaii,15,Female,25-29,109,220.1
Gonorrhea,2018,Hawaii,15,Female,20-24,143,342.7
Gonorrhea,2018,Hawaii,15,Female,15-19,74,198.5
Gonorrhea,2018,Hawaii,15,Female,0-14,5,4
Gonorrhea,2018,Idaho,16,Male,65+,5,4
Gonorrhea,2018,Idaho,16,Male,55-64,13,12.5
Gonorrhea,2018,Idaho,16,Male,45-54,43,43.1
Gonorrhea,2018,Idaho,16,Male,40-44,49,96.2
Gonorrhea,2018,Idaho,16,Male,35-39,83,146.4
Gonorrhea,2018,Idaho,16,Male,30-34,95,169.9
Gonorrhea,2018,Idaho,16,Male,25-29,130,220.6
Gonorrhea,2018,Idaho,16,Male,20-24,146,247.1
Gonorrhea,2018,Idaho,16,Male,15-19,58,93.4
Gonorrhea,2018,Idaho,16,Male,0-14,0,0
Gonorrhea,2018,Idaho,16,Female,65+,1,0.7
Gonorrhea,2018,Idaho,16,Female,55-64,5,4.6
Gonorrhea,2018,Idaho,16,Female,45-54,14,14.1
Gonorrhea,2018,Idaho,16,Female,40-44,24,48.6
Gonorrhea,2018,Idaho,16,Female,35-39,48,86.4
Gonorrhea,2018,Idaho,16,Female,30-34,81,148.9
Gonorrhea,2018,Idaho,16,Female,25-29,130,230.2
Gonorrhea,2018,Idaho,16,Female,20-24,130,242.3
Gonorrhea,2018,Idaho,16,Female,15-19,74,124.5
Gonorrhea,2018,Idaho,16,Female,0-14,2,1.1
Gonorrhea,2018,Illinois,17,Male,65+,49,5.8
Gonorrhea,2018,Illinois,17,Male,55-64,370,45.8
Gonorrhea,2018,Illinois,17,Male,45-54,862,103.6
Gonorrhea,2018,Illinois,17,Male,40-44,696,177.4
Gonorrhea,2018,Illinois,17,Male,35-39,"1,252",293.7
Gonorrhea,2018,Illinois,17,Male,30-34,"2,193",498.2
Gonorrhea,2018,Illinois,17,Male,25-29,"3,915",854.1
Gonorrhea,2018,Illinois,17,Male,20-24,"4,044",917.8
Gonorrhea,2018,Illinois,17,Male,15-19,"1,925",449.9
Gonorrhea,2018,Illinois,17,Male,0-14,45,3.7
Gonorrhea,2018,Illinois,17,Female,65+,6,0.5
Gonorrhea,2018,Illinois,17,Female,55-64,37,4.3
Gonorrhea,2018,Illinois,17,Female,45-54,154,18.1
Gonorrhea,2018,Illinois,17,Female,40-44,202,51.2
Gonorrhea,2018,Illinois,17,Female,35-39,429,100.8
Gonorrhea,2018,Illinois,17,Female,30-34,813,188
Gonorrhea,2018,Illinois,17,Female,25-29,"1,833",411.8
Gonorrhea,2018,Illinois,17,Female,20-24,"3,504",823.1
Gonorrhea,2018,Illinois,17,Female,15-19,"2,932",718.2
Gonorrhea,2018,Illinois,17,Female,0-14,154,13.2
Gonorrhea,2018,Indiana,18,Male,65+,19,4.2
Gonorrhea,2018,Indiana,18,Male,55-64,115,27.1
Gonorrhea,2018,Indiana,18,Male,45-54,356,83.8
Gonorrhea,2018,Indiana,18,Male,40-44,299,151.8
Gonorrhea,2018,Indiana,18,Male,35-39,535,253.8
Gonorrhea,2018,Indiana,18,Male,30-34,899,430.8
Gonorrhea,2018,Indiana,18,Male,25-29,"1,473",646.2
Gonorrhea,2018,Indiana,18,Male,20-24,"1,619",665.7
Gonorrhea,2018,Indiana,18,Male,15-19,772,329.9
Gonorrhea,2018,Indiana,18,Male,0-14,14,2.1
Gonorrhea,2018,Indiana,18,Female,65+,4,0.7
Gonorrhea,2018,Indiana,18,Female,55-64,26,5.8
Gonorrhea,2018,Indiana,18,Female,45-54,113,26.3
Gonorrhea,2018,Indiana,18,Female,40-44,143,72.2
Gonorrhea,2018,Indiana,18,Female,35-39,395,187.4
Gonorrhea,2018,Indiana,18,Female,30-34,644,308.8
Gonorrhea,2018,Indiana,18,Female,25-29,"1,300",581.2
Gonorrhea,2018,Indiana,18,Female,20-24,"1,950",842.7
Gonorrhea,2018,Indiana,18,Female,15-19,"1,445",647.8
Gonorrhea,2018,Indiana,18,Female,0-14,63,9.9
Gonorrhea,2018,Iowa,19,Male,65+,4,1.7
Gonorrhea,2018,Iowa,19,Male,55-64,51,24.7
Gonorrhea,2018,Iowa,19,Male,45-54,160,83.5
Gonorrhea,2018,Iowa,19,Male,40-44,131,148.4
Gonorrhea,2018,Iowa,19,Male,35-39,267,264.4
Gonorrhea,2018,Iowa,19,Male,30-34,412,412.6
Gonorrhea,2018,Iowa,19,Male,25-29,530,515.4
Gonorrhea,2018,Iowa,19,Male,20-24,564,474.6
Gonorrhea,2018,Iowa,19,Male,15-19,240,218.4
Gonorrhea,2018,Iowa,19,Male,0-14,3,1
Gonorrhea,2018,Iowa,19,Female,65+,0,0
Gonorrhea,2018,Iowa,19,Female,55-64,15,7.1
Gonorrhea,2018,Iowa,19,Female,45-54,69,36.4
Gonorrhea,2018,Iowa,19,Female,40-44,104,121
Gonorrhea,2018,Iowa,19,Female,35-39,208,212.5
Gonorrhea,2018,Iowa,19,Female,30-34,312,326.3
Gonorrhea,2018,Iowa,19,Female,25-29,550,565
Gonorrhea,2018,Iowa,19,Female,20-24,697,630.7
Gonorrhea,2018,Iowa,19,Female,15-19,505,481
Gonorrhea,2018,Iowa,19,Female,0-14,16,5.4
Gonorrhea,2018,Kansas,20,Male,65+,10,5
Gonorrhea,2018,Kansas,20,Male,55-64,57,31.2
Gonorrhea,2018,Kansas,20,Male,45-54,161,93.2
Gonorrhea,2018,Kansas,20,Male,40-44,138,166.4
Gonorrhea,2018,Kansas,20,Male,35-39,263,275.5
Gonorrhea,2018,Kansas,20,Male,30-34,393,408.4
Gonorrhea,2018,Kansas,20,Male,25-29,572,565.6
Gonorrhea,2018,Kansas,20,Male,20-24,702,620.2
Gonorrhea,2018,Kansas,20,Male,15-19,339,327.3
Gonorrhea,2018,Kansas,20,Male,0-14,6,2
Gonorrhea,2018,Kansas,20,Female,65+,6,2.4
Gonorrhea,2018,Kansas,20,Female,55-64,12,6.3
Gonorrhea,2018,Kansas,20,Female,45-54,63,36.5
Gonorrhea,2018,Kansas,20,Female,40-44,71,87.3
Gonorrhea,2018,Kansas,20,Female,35-39,159,172.8
Gonorrhea,2018,Kansas,20,Female,30-34,317,338.7
Gonorrhea,2018,Kansas,20,Female,25-29,479,516
Gonorrhea,2018,Kansas,20,Female,20-24,840,822.6
Gonorrhea,2018,Kansas,20,Female,15-19,643,664.9
Gonorrhea,2018,Kansas,20,Female,0-14,25,8.6
Gonorrhea,2018,Kentucky,21,Male,65+,25,7.9
Gonorrhea,2018,Kentucky,21,Male,55-64,126,44
Gonorrhea,2018,Kentucky,21,Male,45-54,320,110
Gonorrhea,2018,Kentucky,21,Male,40-44,237,177.3
Gonorrhea,2018,Kentucky,21,Male,35-39,411,291.9
Gonorrhea,2018,Kentucky,21,Male,30-34,561,404.4
Gonorrhea,2018,Kentucky,21,Male,25-29,809,521.2
Gonorrhea,2018,Kentucky,21,Male,20-24,877,556.7
Gonorrhea,2018,Kentucky,21,Male,15-19,382,259.1
Gonorrhea,2018,Kentucky,21,Male,0-14,7,1.6
Gonorrhea,2018,Kentucky,21,Female,65+,2,0.5
Gonorrhea,2018,Kentucky,21,Female,55-64,20,6.5
Gonorrhea,2018,Kentucky,21,Female,45-54,74,24.9
Gonorrhea,2018,Kentucky,21,Female,40-44,108,80.3
Gonorrhea,2018,Kentucky,21,Female,35-39,208,147.2
Gonorrhea,2018,Kentucky,21,Female,30-34,498,364.4
Gonorrhea,2018,Kentucky,21,Female,25-29,765,508.6
Gonorrhea,2018,Kentucky,21,Female,20-24,"1,152",790.9
Gonorrhea,2018,Kentucky,21,Female,15-19,786,561.4
Gonorrhea,2018,Kentucky,21,Female,0-14,29,7.1
Gonorrhea,2018,Louisiana,22,Male,65+,23,7.5
Gonorrhea,2018,Louisiana,22,Male,55-64,154,53.1
Gonorrhea,2018,Louisiana,22,Male,45-54,325,115.3
Gonorrhea,2018,Louisiana,22,Male,40-44,264,199.5
Gonorrhea,2018,Louisiana,22,Male,35-39,417,271.7
Gonorrhea,2018,Louisiana,22,Male,30-34,818,498
Gonorrhea,2018,Louisiana,22,Male,25-29,"1,401",798.7
Gonorrhea,2018,Louisiana,22,Male,20-24,"1,765",1081.8
Gonorrhea,2018,Louisiana,22,Male,15-19,951,622.7
Gonorrhea,2018,Louisiana,22,Male,0-14,21,4.5
Gonorrhea,2018,Louisiana,22,Female,65+,1,0.3
Gonorrhea,2018,Louisiana,22,Female,55-64,20,6.3
Gonorrhea,2018,Louisiana,22,Female,45-54,80,26.9
Gonorrhea,2018,Louisiana,22,Female,40-44,106,77.9
Gonorrhea,2018,Louisiana,22,Female,35-39,235,150.1
Gonorrhea,2018,Louisiana,22,Female,30-34,520,315.5
Gonorrhea,2018,Louisiana,22,Female,25-29,"1,045",596.4
Gonorrhea,2018,Louisiana,22,Female,20-24,"2,028",1295.6
Gonorrhea,2018,Louisiana,22,Female,15-19,"1,800",1224.9
Gonorrhea,2018,Louisiana,22,Female,0-14,69,15.2
Gonorrhea,2018,Maine,23,Male,65+,2,1.7
Gonorrhea,2018,Maine,23,Male,55-64,30,29.3
Gonorrhea,2018,Maine,23,Male,45-54,45,49.4
Gonorrhea,2018,Maine,23,Male,40-44,33,90.2
Gonorrhea,2018,Maine,23,Male,35-39,53,139.8
Gonorrhea,2018,Maine,23,Male,30-34,48,122.9
Gonorrhea,2018,Maine,23,Male,25-29,104,256.3
Gonorrhea,2018,Maine,23,Male,20-24,110,281.7
Gonorrhea,2018,Maine,23,Male,15-19,32,78.2
Gonorrhea,2018,Maine,23,Male,0-14,0,0
Gonorrhea,2018,Maine,23,Female,65+,1,0.7
Gonorrhea,2018,Maine,23,Female,55-64,2,1.8
Gonorrhea,2018,Maine,23,Female,45-54,11,11.6
Gonorrhea,2018,Maine,23,Female,40-44,12,31.7
Gonorrhea,2018,Maine,23,Female,35-39,23,59
Gonorrhea,2018,Maine,23,Female,30-34,34,86.6
Gonorrhea,2018,Maine,23,Female,25-29,62,156.8
Gonorrhea,2018,Maine,23,Female,20-24,68,181.6
Gonorrhea,2018,Maine,23,Female,15-19,35,91
Gonorrhea,2018,Maine,23,Female,0-14,2,2
Gonorrhea,2018,Maryland,24,Male,65+,50,12.8
Gonorrhea,2018,Maryland,24,Male,55-64,223,58.3
Gonorrhea,2018,Maryland,24,Male,45-54,490,120.7
Gonorrhea,2018,Maryland,24,Male,40-44,311,174.8
Gonorrhea,2018,Maryland,24,Male,35-39,529,267.8
Gonorrhea,2018,Maryland,24,Male,30-34,913,445.1
Gonorrhea,2018,Maryland,24,Male,25-29,"1,415",669.2
Gonorrhea,2018,Maryland,24,Male,20-24,"1,431",727.3
Gonorrhea,2018,Maryland,24,Male,15-19,701,356.6
Gonorrhea,2018,Maryland,24,Male,0-14,11,1.9
Gonorrhea,2018,Maryland,24,Female,65+,6,1.2
Gonorrhea,2018,Maryland,24,Female,55-64,28,6.6
Gonorrhea,2018,Maryland,24,Female,45-54,98,22.4
Gonorrhea,2018,Maryland,24,Female,40-44,108,57.2
Gonorrhea,2018,Maryland,24,Female,35-39,221,107.7
Gonorrhea,2018,Maryland,24,Female,30-34,480,227.1
Gonorrhea,2018,Maryland,24,Female,25-29,862,410.4
Gonorrhea,2018,Maryland,24,Female,20-24,"1,300",685.4
Gonorrhea,2018,Maryland,24,Female,15-19,"1,068",567.3
Gonorrhea,2018,Maryland,24,Female,0-14,56,10.2
Gonorrhea,2018,Massachusetts,25,Male,65+,51,10.6
Gonorrhea,2018,Massachusetts,25,Male,55-64,258,57.7
Gonorrhea,2018,Massachusetts,25,Male,45-54,567,123.6
Gonorrhea,2018,Massachusetts,25,Male,40-44,323,165.5
Gonorrhea,2018,Massachusetts,25,Male,35-39,556,261.8
Gonorrhea,2018,Massachusetts,25,Male,30-34,929,392.8
Gonorrhea,2018,Massachusetts,25,Male,25-29,"1,402",555.9
Gonorrhea,2018,Massachusetts,25,Male,20-24,"1,190",481.5
Gonorrhea,2018,Massachusetts,25,Male,15-19,295,129.2
Gonorrhea,2018,Massachusetts,25,Male,0-14,4,0.7
Gonorrhea,2018,Massachusetts,25,Female,65+,5,0.8
Gonorrhea,2018,Massachusetts,25,Female,55-64,21,4.3
Gonorrhea,2018,Massachusetts,25,Female,45-54,106,21.8
Gonorrhea,2018,Massachusetts,25,Female,40-44,91,44.4
Gonorrhea,2018,Massachusetts,25,Female,35-39,160,73.3
Gonorrhea,2018,Massachusetts,25,Female,30-34,291,122.4
Gonorrhea,2018,Massachusetts,25,Female,25-29,540,218.2
Gonorrhea,2018,Massachusetts,25,Female,20-24,748,302.8
Gonorrhea,2018,Massachusetts,25,Female,15-19,453,199.9
Gonorrhea,2018,Massachusetts,25,Female,0-14,14,2.5
Gonorrhea,2018,Michigan,26,Male,65+,53,7.1
Gonorrhea,2018,Michigan,26,Male,55-64,229,33.7
Gonorrhea,2018,Michigan,26,Male,45-54,560,85.7
Gonorrhea,2018,Michigan,26,Male,40-44,447,160.3
Gonorrhea,2018,Michigan,26,Male,35-39,698,237.2
Gonorrhea,2018,Michigan,26,Male,30-34,"1,101",368.6
Gonorrhea,2018,Michigan,26,Male,25-29,"2,002",579.7
Gonorrhea,2018,Michigan,26,Male,20-24,"2,360",655.8
Gonorrhea,2018,Michigan,26,Male,15-19,"1,225",362.9
Gonorrhea,2018,Michigan,26,Male,0-14,24,2.6
Gonorrhea,2018,Michigan,26,Female,65+,2,0.2
Gonorrhea,2018,Michigan,26,Female,55-64,41,5.7
Gonorrhea,2018,Michigan,26,Female,45-54,172,25.7
Gonorrhea,2018,Michigan,26,Female,40-44,191,67.1
Gonorrhea,2018,Michigan,26,Female,35-39,391,131.3
Gonorrhea,2018,Michigan,26,Female,30-34,751,255.1
Gonorrhea,2018,Michigan,26,Female,25-29,"1,600",483.7
Gonorrhea,2018,Michigan,26,Female,20-24,"2,518",734.5
Gonorrhea,2018,Michigan,26,Female,15-19,"2,227",687.9
Gonorrhea,2018,Michigan,26,Female,0-14,88,10.1
Gonorrhea,2018,Minnesota,27,Male,65+,18,4.6
Gonorrhea,2018,Minnesota,27,Male,55-64,123,33.1
Gonorrhea,2018,Minnesota,27,Male,45-54,345,96.6
Gonorrhea,2018,Minnesota,27,Male,40-44,261,161
Gonorrhea,2018,Minnesota,27,Male,35-39,409,214.9
Gonorrhea,2018,Minnesota,27,Male,30-34,730,373.3
Gonorrhea,2018,Minnesota,27,Male,25-29,978,511.5
Gonorrhea,2018,Minnesota,27,Male,20-24,927,501.1
Gonorrhea,2018,Minnesota,27,Male,15-19,392,215.4
Gonorrhea,2018,Minnesota,27,Male,0-14,4,0.7
Gonorrhea,2018,Minnesota,27,Female,65+,1,0.2
Gonorrhea,2018,Minnesota,27,Female,55-64,13,3.4
Gonorrhea,2018,Minnesota,27,Female,45-54,76,21.4
Gonorrhea,2018,Minnesota,27,Female,40-44,96,60.9
Gonorrhea,2018,Minnesota,27,Female,35-39,202,109.6
Gonorrhea,2018,Minnesota,27,Female,30-34,433,228.3
Gonorrhea,2018,Minnesota,27,Female,25-29,641,354.7
Gonorrhea,2018,Minnesota,27,Female,20-24,"1,000",557.4
Gonorrhea,2018,Minnesota,27,Female,15-19,856,489.3
Gonorrhea,2018,Minnesota,27,Female,0-14,27,5.1
Gonorrhea,2018,Mississippi,28,Male,65+,26,13
Gonorrhea,2018,Mississippi,28,Male,55-64,78,42.8
Gonorrhea,2018,Mississippi,28,Male,45-54,201,111.2
Gonorrhea,2018,Mississippi,28,Male,40-44,178,210.9
Gonorrhea,2018,Mississippi,28,Male,35-39,292,317.7
Gonorrhea,2018,Mississippi,28,Male,30-34,565,621.8
Gonorrhea,2018,Mississippi,28,Male,25-29,"1,115",1079.3
Gonorrhea,2018,Mississippi,28,Male,20-24,"1,560",1471.4
Gonorrhea,2018,Mississippi,28,Male,15-19,817,777.3
Gonorrhea,2018,Mississippi,28,Male,0-14,14,4.7
Gonorrhea,2018,Mississippi,28,Female,65+,5,1.9
Gonorrhea,2018,Mississippi,28,Female,55-64,13,6.4
Gonorrhea,2018,Mississippi,28,Female,45-54,57,29.4
Gonorrhea,2018,Mississippi,28,Female,40-44,96,105.8
Gonorrhea,2018,Mississippi,28,Female,35-39,224,231
Gonorrhea,2018,Mississippi,28,Female,30-34,412,432.1
Gonorrhea,2018,Mississippi,28,Female,25-29,912,876.3
Gonorrhea,2018,Mississippi,28,Female,20-24,"1,711",1655.3
Gonorrhea,2018,Mississippi,28,Female,15-19,"1,381",1364.7
Gonorrhea,2018,Mississippi,28,Female,0-14,77,26.6
Gonorrhea,2018,Missouri,29,Male,65+,43,9.7
Gonorrhea,2018,Missouri,29,Male,55-64,208,52.2
Gonorrhea,2018,Missouri,29,Male,45-54,535,140.5
Gonorrhea,2018,Missouri,29,Male,40-44,475,276
Gonorrhea,2018,Missouri,29,Male,35-39,794,409.5
Gonorrhea,2018,Missouri,29,Male,30-34,"1,201",601.8
Gonorrhea,2018,Missouri,29,Male,25-29,"1,904",895.8
Gonorrhea,2018,Missouri,29,Male,20-24,"2,102",990.4
Gonorrhea,2018,Missouri,29,Male,15-19,"1,005",497.7
Gonorrhea,2018,Missouri,29,Male,0-14,20,3.4
Gonorrhea,2018,Missouri,29,Female,65+,4,0.7
Gonorrhea,2018,Missouri,29,Female,55-64,32,7.5
Gonorrhea,2018,Missouri,29,Female,45-54,171,43.7
Gonorrhea,2018,Missouri,29,Female,40-44,241,137.5
Gonorrhea,2018,Missouri,29,Female,35-39,444,228.6
Gonorrhea,2018,Missouri,29,Female,30-34,832,417.8
Gonorrhea,2018,Missouri,29,Female,25-29,"1,430",682.4
Gonorrhea,2018,Missouri,29,Female,20-24,"1,961",969.9
Gonorrhea,2018,Missouri,29,Female,15-19,"1,610",841.5
Gonorrhea,2018,Missouri,29,Female,0-14,78,13.9
Gonorrhea,2018,Montana,30,Male,65+,0,0
Gonorrhea,2018,Montana,30,Male,55-64,15,20.2
Gonorrhea,2018,Montana,30,Male,45-54,42,68.4
Gonorrhea,2018,Montana,30,Male,40-44,34,116.8
Gonorrhea,2018,Montana,30,Male,35-39,83,244.9
Gonorrhea,2018,Montana,30,Male,30-34,99,294.5
Gonorrhea,2018,Montana,30,Male,25-29,113,315.2
Gonorrhea,2018,Montana,30,Male,20-24,106,276.4
Gonorrhea,2018,Montana,30,Male,15-19,50,151.2
Gonorrhea,2018,Montana,30,Male,0-14,0,0
Gonorrhea,2018,Montana,30,Female,65+,0,0
Gonorrhea,2018,Montana,30,Female,55-64,2,2.6
Gonorrhea,2018,Montana,30,Female,45-54,26,42.4
Gonorrhea,2018,Montana,30,Female,40-44,36,128.8
Gonorrhea,2018,Montana,30,Female,35-39,58,182.2
Gonorrhea,2018,Montana,30,Female,30-34,110,341.7
Gonorrhea,2018,Montana,30,Female,25-29,136,407.5
Gonorrhea,2018,Montana,30,Female,20-24,174,506.3
Gonorrhea,2018,Montana,30,Female,15-19,94,309.6
Gonorrhea,2018,Montana,30,Female,0-14,1,1.1
Gonorrhea,2018,Nebraska,31,Male,65+,4,3
Gonorrhea,2018,Nebraska,31,Male,55-64,26,21.7
Gonorrhea,2018,Nebraska,31,Male,45-54,82,72.2
Gonorrhea,2018,Nebraska,31,Male,40-44,70,126.5
Gonorrhea,2018,Nebraska,31,Male,35-39,149,232.5
Gonorrhea,2018,Nebraska,31,Male,30-34,236,356.8
Gonorrhea,2018,Nebraska,31,Male,25-29,319,485.7
Gonorrhea,2018,Nebraska,31,Male,20-24,368,521.2
Gonorrhea,2018,Nebraska,31,Male,15-19,136,204.3
Gonorrhea,2018,Nebraska,31,Male,0-14,2,1
Gonorrhea,2018,Nebraska,31,Female,65+,1,0.6
Gonorrhea,2018,Nebraska,31,Female,55-64,11,9
Gonorrhea,2018,Nebraska,31,Female,45-54,36,32.2
Gonorrhea,2018,Nebraska,31,Female,40-44,47,87.4
Gonorrhea,2018,Nebraska,31,Female,35-39,93,151.3
Gonorrhea,2018,Nebraska,31,Female,30-34,212,337.8
Gonorrhea,2018,Nebraska,31,Female,25-29,299,490.7
Gonorrhea,2018,Nebraska,31,Female,20-24,374,555.8
Gonorrhea,2018,Nebraska,31,Female,15-19,222,347.1
Gonorrhea,2018,Nebraska,31,Female,0-14,7,3.6
Gonorrhea,2018,Nevada,32,Male,65+,21,9.7
Gonorrhea,2018,Nevada,32,Male,55-64,120,65.8
Gonorrhea,2018,Nevada,32,Male,45-54,364,181.3
Gonorrhea,2018,Nevada,32,Male,40-44,236,245.7
Gonorrhea,2018,Nevada,32,Male,35-39,391,374.3
Gonorrhea,2018,Nevada,32,Male,30-34,619,565.3
Gonorrhea,2018,Nevada,32,Male,25-29,896,781.9
Gonorrhea,2018,Nevada,32,Male,20-24,885,942.6
Gonorrhea,2018,Nevada,32,Male,15-19,442,473.2
Gonorrhea,2018,Nevada,32,Male,0-14,9,3.1
Gonorrhea,2018,Nevada,32,Female,65+,4,1.7
Gonorrhea,2018,Nevada,32,Female,55-64,21,11.1
Gonorrhea,2018,Nevada,32,Female,45-54,121,61.9
Gonorrhea,2018,Nevada,32,Female,40-44,97,102.3
Gonorrhea,2018,Nevada,32,Female,35-39,162,159.3
Gonorrhea,2018,Nevada,32,Female,30-34,289,274.8
Gonorrhea,2018,Nevada,32,Female,25-29,483,434.7
Gonorrhea,2018,Nevada,32,Female,20-24,672,751.5
Gonorrhea,2018,Nevada,32,Female,15-19,595,684.6
Gonorrhea,2018,Nevada,32,Female,0-14,33,11.8
Gonorrhea,2018,New Hampshire,33,Male,65+,6,5.6
Gonorrhea,2018,New Hampshire,33,Male,55-64,25,24.3
Gonorrhea,2018,New Hampshire,33,Male,45-54,48,49.5
Gonorrhea,2018,New Hampshire,33,Male,40-44,19,51.3
Gonorrhea,2018,New Hampshire,33,Male,35-39,46,118.4
Gonorrhea,2018,New Hampshire,33,Male,30-34,76,185.4
Gonorrhea,2018,New Hampshire,33,Male,25-29,79,182
Gonorrhea,2018,New Hampshire,33,Male,20-24,83,179.9
Gonorrhea,2018,New Hampshire,33,Male,15-19,26,59.7
Gonorrhea,2018,New Hampshire,33,Male,0-14,2,1.9
Gonorrhea,2018,New Hampshire,33,Female,65+,1,0.8
Gonorrhea,2018,New Hampshire,33,Female,55-64,0,0
Gonorrhea,2018,New Hampshire,33,Female,45-54,13,13.1
Gonorrhea,2018,New Hampshire,33,Female,40-44,9,23.9
Gonorrhea,2018,New Hampshire,33,Female,35-39,14,36.4
Gonorrhea,2018,New Hampshire,33,Female,30-34,15,38.2
Gonorrhea,2018,New Hampshire,33,Female,25-29,35,88.2
Gonorrhea,2018,New Hampshire,33,Female,20-24,68,153.5
Gonorrhea,2018,New Hampshire,33,Female,15-19,29,69.3
Gonorrhea,2018,New Hampshire,33,Female,0-14,0,0
Gonorrhea,2018,New Jersey,34,Male,65+,51,8.4
Gonorrhea,2018,New Jersey,34,Male,55-64,237,40.4
Gonorrhea,2018,New Jersey,34,Male,45-54,483,77.5
Gonorrhea,2018,New Jersey,34,Male,40-44,349,124.4
Gonorrhea,2018,New Jersey,34,Male,35-39,523,179.8
Gonorrhea,2018,New Jersey,34,Male,30-34,817,278.3
Gonorrhea,2018,New Jersey,34,Male,25-29,"1,293",430.1
Gonorrhea,2018,New Jersey,34,Male,20-24,"1,353",465.8
Gonorrhea,2018,New Jersey,34,Male,15-19,502,172.5
Gonorrhea,2018,New Jersey,34,Male,0-14,9,1.1
Gonorrhea,2018,New Jersey,34,Female,65+,7,0.9
Gonorrhea,2018,New Jersey,34,Female,55-64,40,6.3
Gonorrhea,2018,New Jersey,34,Female,45-54,90,13.7
Gonorrhea,2018,New Jersey,34,Female,40-44,89,31.1
Gonorrhea,2018,New Jersey,34,Female,35-39,188,63.5
Gonorrhea,2018,New Jersey,34,Female,30-34,328,113.1
Gonorrhea,2018,New Jersey,34,Female,25-29,668,232.8
Gonorrhea,2018,New Jersey,34,Female,20-24,"1,229",439.1
Gonorrhea,2018,New Jersey,34,Female,15-19,782,283.3
Gonorrhea,2018,New Jersey,34,Female,0-14,25,3.1
Gonorrhea,2018,New Mexico,35,Male,65+,36,22.3
Gonorrhea,2018,New Mexico,35,Male,55-64,93,70.9
Gonorrhea,2018,New Mexico,35,Male,45-54,199,165.3
Gonorrhea,2018,New Mexico,35,Male,40-44,179,310.2
Gonorrhea,2018,New Mexico,35,Male,35-39,357,542
Gonorrhea,2018,New Mexico,35,Male,30-34,487,688.4
Gonorrhea,2018,New Mexico,35,Male,25-29,677,902.9
Gonorrhea,2018,New Mexico,35,Male,20-24,632,843.1
Gonorrhea,2018,New Mexico,35,Male,15-19,263,369.7
Gonorrhea,2018,New Mexico,35,Male,0-14,2,1
Gonorrhea,2018,New Mexico,35,Female,65+,3,1.6
Gonorrhea,2018,New Mexico,35,Female,55-64,22,15.3
Gonorrhea,2018,New Mexico,35,Female,45-54,85,67.8
Gonorrhea,2018,New Mexico,35,Female,40-44,130,223.3
Gonorrhea,2018,New Mexico,35,Female,35-39,249,388
Gonorrhea,2018,New Mexico,35,Female,30-34,407,607
Gonorrhea,2018,New Mexico,35,Female,25-29,508,734.5
Gonorrhea,2018,New Mexico,35,Female,20-24,572,830.9
Gonorrhea,2018,New Mexico,35,Female,15-19,352,518.8
Gonorrhea,2018,New Mexico,35,Female,0-14,15,7.6
Gonorrhea,2018,New York,36,Male,65+,114,8.4
Gonorrhea,2018,New York,36,Male,55-64,706,56.7
Gonorrhea,2018,New York,36,Male,45-54,"2,064",159.9
Gonorrhea,2018,New York,36,Male,40-44,"1,689",292
Gonorrhea,2018,New York,36,Male,35-39,"3,080",484.8
Gonorrhea,2018,New York,36,Male,30-34,"5,231",742.1
Gonorrhea,2018,New York,36,Male,25-29,"6,980",914.5
Gonorrhea,2018,New York,36,Male,20-24,"5,208",761.1
Gonorrhea,2018,New York,36,Male,15-19,"1,906",306.5
Gonorrhea,2018,New York,36,Male,0-14,38,2.2
Gonorrhea,2018,New York,36,Female,65+,18,1
Gonorrhea,2018,New York,36,Female,55-64,91,6.7
Gonorrhea,2018,New York,36,Female,45-54,262,19.2
Gonorrhea,2018,New York,36,Female,40-44,244,40.6
Gonorrhea,2018,New York,36,Female,35-39,533,81.9
Gonorrhea,2018,New York,36,Female,30-34,"1,019",144.3
Gonorrhea,2018,New York,36,Female,25-29,"1,953",256.1
Gonorrhea,2018,New York,36,Female,20-24,"3,155",464
Gonorrhea,2018,New York,36,Female,15-19,"2,763",460.4
Gonorrhea,2018,New York,36,Female,0-14,155,9.2
Gonorrhea,2018,North Carolina,37,Male,65+,73,10.3
Gonorrhea,2018,North Carolina,37,Male,55-64,367,58.6
Gonorrhea,2018,North Carolina,37,Male,45-54,752,111.3
Gonorrhea,2018,North Carolina,37,Male,40-44,661,212.2
Gonorrhea,2018,North Carolina,37,Male,35-39,"1,060",333.2
Gonorrhea,2018,North Carolina,37,Male,30-34,"1,616",501.5
Gonorrhea,2018,North Carolina,37,Male,25-29,"2,824",787.6
Gonorrhea,2018,North Carolina,37,Male,20-24,"3,384",933.4
Gonorrhea,2018,North Carolina,37,Male,15-19,"1,494",433.5
Gonorrhea,2018,North Carolina,37,Male,0-14,14,1.4
Gonorrhea,2018,North Carolina,37,Female,65+,11,1.2
Gonorrhea,2018,North Carolina,37,Female,55-64,69,9.9
Gonorrhea,2018,North Carolina,37,Female,45-54,251,35.4
Gonorrhea,2018,North Carolina,37,Female,40-44,291,89.1
Gonorrhea,2018,North Carolina,37,Female,35-39,614,183.7
Gonorrhea,2018,North Carolina,37,Female,30-34,"1,263",380.1
Gonorrhea,2018,North Carolina,37,Female,25-29,"2,482",694.9
Gonorrhea,2018,North Carolina,37,Female,20-24,"3,708",1108.7
Gonorrhea,2018,North Carolina,37,Female,15-19,"2,710",816.8
Gonorrhea,2018,North Carolina,37,Female,0-14,81,8.7
Gonorrhea,2018,North Dakota,38,Male,65+,2,3.9
Gonorrhea,2018,North Dakota,38,Male,55-64,11,22.8
Gonorrhea,2018,North Dakota,38,Male,45-54,28,66.2
Gonorrhea,2018,North Dakota,38,Male,40-44,40,190.4
Gonorrhea,2018,North Dakota,38,Male,35-39,65,251.7
Gonorrhea,2018,North Dakota,38,Male,30-34,128,440.1
Gonorrhea,2018,North Dakota,38,Male,25-29,169,508.7
Gonorrhea,2018,North Dakota,38,Male,20-24,158,456.8
Gonorrhea,2018,North Dakota,38,Male,15-19,59,239.2
Gonorrhea,2018,North Dakota,38,Male,0-14,1,1.3
Gonorrhea,2018,North Dakota,38,Female,65+,0,0
Gonorrhea,2018,North Dakota,38,Female,55-64,0,0
Gonorrhea,2018,North Dakota,38,Female,45-54,16,40
Gonorrhea,2018,North Dakota,38,Female,40-44,34,182.4
Gonorrhea,2018,North Dakota,38,Female,35-39,60,264.5
Gonorrhea,2018,North Dakota,38,Female,30-34,108,439.4
Gonorrhea,2018,North Dakota,38,Female,25-29,142,518.8
Gonorrhea,2018,North Dakota,38,Female,20-24,212,699.6
Gonorrhea,2018,North Dakota,38,Female,15-19,129,568.2
Gonorrhea,2018,North Dakota,38,Female,0-14,7,9.5
Gonorrhea,2018,Ohio,39,Male,65+,126,14.8
Gonorrhea,2018,Ohio,39,Male,55-64,469,60.1
Gonorrhea,2018,Ohio,39,Male,45-54,962,128.3
Gonorrhea,2018,Ohio,39,Male,40-44,720,218
Gonorrhea,2018,Ohio,39,Male,35-39,"1,186",333.1
Gonorrhea,2018,Ohio,39,Male,30-34,"1,813",498
Gonorrhea,2018,Ohio,39,Male,25-29,"2,887",717.9
Gonorrhea,2018,Ohio,39,Male,20-24,"3,227",829.5
Gonorrhea,2018,Ohio,39,Male,15-19,"1,562",397.6
Gonorrhea,2018,Ohio,39,Male,0-14,41,3.7
Gonorrhea,2018,Ohio,39,Female,65+,3,0.3
Gonorrhea,2018,Ohio,39,Female,55-64,73,8.8
Gonorrhea,2018,Ohio,39,Female,45-54,230,29.9
Gonorrhea,2018,Ohio,39,Female,40-44,311,92.6
Gonorrhea,2018,Ohio,39,Female,35-39,663,184.7
Gonorrhea,2018,Ohio,39,Female,30-34,"1,190",327.6
Gonorrhea,2018,Ohio,39,Female,25-29,"2,544",645.2
Gonorrhea,2018,Ohio,39,Female,20-24,"3,907",1038.2
Gonorrhea,2018,Ohio,39,Female,15-19,"3,073",820.4
Gonorrhea,2018,Ohio,39,Female,0-14,147,14
Gonorrhea,2018,Oklahoma,40,Male,65+,18,6.7
Gonorrhea,2018,Oklahoma,40,Male,55-64,78,32.8
Gonorrhea,2018,Oklahoma,40,Male,45-54,265,113.6
Gonorrhea,2018,Oklahoma,40,Male,40-44,254,222.3
Gonorrhea,2018,Oklahoma,40,Male,35-39,485,376.1
Gonorrhea,2018,Oklahoma,40,Male,30-34,713,531.3
Gonorrhea,2018,Oklahoma,40,Male,25-29,934,656.4
Gonorrhea,2018,Oklahoma,40,Male,20-24,"1,117",781.4
Gonorrhea,2018,Oklahoma,40,Male,15-19,573,421.5
Gonorrhea,2018,Oklahoma,40,Male,0-14,5,1.2
Gonorrhea,2018,Oklahoma,40,Female,65+,4,1.2
Gonorrhea,2018,Oklahoma,40,Female,55-64,32,12.6
Gonorrhea,2018,Oklahoma,40,Female,45-54,103,43.7
Gonorrhea,2018,Oklahoma,40,Female,40-44,174,153.7
Gonorrhea,2018,Oklahoma,40,Female,35-39,346,272.9
Gonorrhea,2018,Oklahoma,40,Female,30-34,613,468.5
Gonorrhea,2018,Oklahoma,40,Female,25-29,950,687
Gonorrhea,2018,Oklahoma,40,Female,20-24,"1,344",1019.9
Gonorrhea,2018,Oklahoma,40,Female,15-19,961,751.6
Gonorrhea,2018,Oklahoma,40,Female,0-14,29,7.4
Gonorrhea,2018,Oregon,41,Male,65+,29,8.9
Gonorrhea,2018,Oregon,41,Male,55-64,147,55.9
Gonorrhea,2018,Oregon,41,Male,45-54,352,136.2
Gonorrhea,2018,Oregon,41,Male,40-44,275,209.2
Gonorrhea,2018,Oregon,41,Male,35-39,513,354.5
Gonorrhea,2018,Oregon,41,Male,30-34,661,451.1
Gonorrhea,2018,Oregon,41,Male,25-29,851,563.2
Gonorrhea,2018,Oregon,41,Male,20-24,649,480.5
Gonorrhea,2018,Oregon,41,Male,15-19,181,143.2
Gonorrhea,2018,Oregon,41,Male,0-14,5,1.3
Gonorrhea,2018,Oregon,41,Female,65+,3,0.8
Gonorrhea,2018,Oregon,41,Female,55-64,23,8.1
Gonorrhea,2018,Oregon,41,Female,45-54,126,49
Gonorrhea,2018,Oregon,41,Female,40-44,106,82.7
Gonorrhea,2018,Oregon,41,Female,35-39,232,162.5
Gonorrhea,2018,Oregon,41,Female,30-34,368,256.9
Gonorrhea,2018,Oregon,41,Female,25-29,449,307.2
Gonorrhea,2018,Oregon,41,Female,20-24,563,434.3
Gonorrhea,2018,Oregon,41,Female,15-19,359,298.3
Gonorrhea,2018,Oregon,41,Female,0-14,15,4.2
Gonorrhea,2018,Pennsylvania,42,Male,65+,75,7.5
Gonorrhea,2018,Pennsylvania,42,Male,55-64,339,38.6
Gonorrhea,2018,Pennsylvania,42,Male,45-54,788,94
Gonorrhea,2018,Pennsylvania,42,Male,40-44,463,130.1
Gonorrhea,2018,Pennsylvania,42,Male,35-39,887,230.4
Gonorrhea,2018,Pennsylvania,42,Male,30-34,"1,459",352.7
Gonorrhea,2018,Pennsylvania,42,Male,25-29,"2,316",520.4
Gonorrhea,2018,Pennsylvania,42,Male,20-24,"2,401",568.8
Gonorrhea,2018,Pennsylvania,42,Male,15-19,"1,065",255.6
Gonorrhea,2018,Pennsylvania,42,Male,0-14,27,2.4
Gonorrhea,2018,Pennsylvania,42,Female,65+,10,0.8
Gonorrhea,2018,Pennsylvania,42,Female,55-64,55,5.9
Gonorrhea,2018,Pennsylvania,42,Female,45-54,148,17.2
Gonorrhea,2018,Pennsylvania,42,Female,40-44,166,46.1
Gonorrhea,2018,Pennsylvania,42,Female,35-39,355,92.2
Gonorrhea,2018,Pennsylvania,42,Female,30-34,641,158.8
Gonorrhea,2018,Pennsylvania,42,Female,25-29,"1,235",289.7
Gonorrhea,2018,Pennsylvania,42,Female,20-24,"1,917",468.2
Gonorrhea,2018,Pennsylvania,42,Female,15-19,"1,448",362.3
Gonorrhea,2018,Pennsylvania,42,Female,0-14,75,7
Gonorrhea,2018,Rhode Island,44,Male,65+,6,7.8
Gonorrhea,2018,Rhode Island,44,Male,55-64,31,43.6
Gonorrhea,2018,Rhode Island,44,Male,45-54,68,98.1
Gonorrhea,2018,Rhode Island,44,Male,40-44,46,157.6
Gonorrhea,2018,Rhode Island,44,Male,35-39,78,243
Gonorrhea,2018,Rhode Island,44,Male,30-34,133,382.9
Gonorrhea,2018,Rhode Island,44,Male,25-29,201,513.8
Gonorrhea,2018,Rhode Island,44,Male,20-24,235,591.5
Gonorrhea,2018,Rhode Island,44,Male,15-19,80,222.1
Gonorrhea,2018,Rhode Island,44,Male,0-14,1,1.2
Gonorrhea,2018,Rhode Island,44,Female,65+,0,0
Gonorrhea,2018,Rhode Island,44,Female,55-64,6,7.7
Gonorrhea,2018,Rhode Island,44,Female,45-54,13,17.5
Gonorrhea,2018,Rhode Island,44,Female,40-44,25,83.3
Gonorrhea,2018,Rhode Island,44,Female,35-39,35,108.7
Gonorrhea,2018,Rhode Island,44,Female,30-34,62,182.4
Gonorrhea,2018,Rhode Island,44,Female,25-29,74,198.4
Gonorrhea,2018,Rhode Island,44,Female,20-24,138,352.7
Gonorrhea,2018,Rhode Island,44,Female,15-19,100,274.4
Gonorrhea,2018,Rhode Island,44,Female,0-14,4,4.8
Gonorrhea,2018,South Carolina,45,Male,65+,51,13.3
Gonorrhea,2018,South Carolina,45,Male,55-64,179,57.3
Gonorrhea,2018,South Carolina,45,Male,45-54,339,108
Gonorrhea,2018,South Carolina,45,Male,40-44,330,231.2
Gonorrhea,2018,South Carolina,45,Male,35-39,534,352.4
Gonorrhea,2018,South Carolina,45,Male,30-34,851,551
Gonorrhea,2018,South Carolina,45,Male,25-29,"1,583",910.1
Gonorrhea,2018,South Carolina,45,Male,20-24,"1,884",1086.8
Gonorrhea,2018,South Carolina,45,Male,15-19,975,590.8
Gonorrhea,2018,South Carolina,45,Male,0-14,16,3.4
Gonorrhea,2018,South Carolina,45,Female,65+,4,0.8
Gonorrhea,2018,South Carolina,45,Female,55-64,31,8.7
Gonorrhea,2018,South Carolina,45,Female,45-54,107,31.8
Gonorrhea,2018,South Carolina,45,Female,40-44,155,102.7
Gonorrhea,2018,South Carolina,45,Female,35-39,320,201.4
Gonorrhea,2018,South Carolina,45,Female,30-34,715,447.6
Gonorrhea,2018,South Carolina,45,Female,25-29,"1,385",780.8
Gonorrhea,2018,South Carolina,45,Female,20-24,"2,352",1456.2
Gonorrhea,2018,South Carolina,45,Female,15-19,"1,872",1191
Gonorrhea,2018,South Carolina,45,Female,0-14,72,16
Gonorrhea,2018,South Dakota,46,Male,65+,2,3.1
Gonorrhea,2018,South Dakota,46,Male,55-64,16,27.6
Gonorrhea,2018,South Dakota,46,Male,45-54,38,75.3
Gonorrhea,2018,South Dakota,46,Male,40-44,33,137.2
Gonorrhea,2018,South Dakota,46,Male,35-39,87,308.9
Gonorrhea,2018,South Dakota,46,Male,30-34,129,441.3
Gonorrhea,2018,South Dakota,46,Male,25-29,166,553.9
Gonorrhea,2018,South Dakota,46,Male,20-24,180,579
Gonorrhea,2018,South Dakota,46,Male,15-19,63,213.9
Gonorrhea,2018,South Dakota,46,Male,0-14,1,1.1
Gonorrhea,2018,South Dakota,46,Female,65+,0,0
Gonorrhea,2018,South Dakota,46,Female,55-64,4,6.9
Gonorrhea,2018,South Dakota,46,Female,45-54,12,24.5
Gonorrhea,2018,South Dakota,46,Female,40-44,39,174.1
Gonorrhea,2018,South Dakota,46,Female,35-39,81,307.1
Gonorrhea,2018,South Dakota,46,Female,30-34,120,442.5
Gonorrhea,2018,South Dakota,46,Female,25-29,233,853.8
Gonorrhea,2018,South Dakota,46,Female,20-24,303,1064.5
Gonorrhea,2018,South Dakota,46,Female,15-19,170,624.4
Gonorrhea,2018,South Dakota,46,Female,0-14,12,13.6
Gonorrhea,2018,Tennessee,47,Male,65+,46,9.7
Gonorrhea,2018,Tennessee,47,Male,55-64,208,49.8
Gonorrhea,2018,Tennessee,47,Male,45-54,445,102
Gonorrhea,2018,Tennessee,47,Male,40-44,365,182
Gonorrhea,2018,Tennessee,47,Male,35-39,640,303.7
Gonorrhea,2018,Tennessee,47,Male,30-34,"1,051",490.8
Gonorrhea,2018,Tennessee,47,Male,25-29,"1,885",782.5
Gonorrhea,2018,Tennessee,47,Male,20-24,"2,283",1009.7
Gonorrhea,2018,Tennessee,47,Male,15-19,"1,011",464.3
Gonorrhea,2018,Tennessee,47,Male,0-14,12,1.9
Gonorrhea,2018,Tennessee,47,Female,65+,11,1.8
Gonorrhea,2018,Tennessee,47,Female,55-64,35,7.6
Gonorrhea,2018,Tennessee,47,Female,45-54,131,28.8
Gonorrhea,2018,Tennessee,47,Female,40-44,167,80.9
Gonorrhea,2018,Tennessee,47,Female,35-39,319,147.1
Gonorrhea,2018,Tennessee,47,Female,30-34,654,299.3
Gonorrhea,2018,Tennessee,47,Female,25-29,"1,332",549.4
Gonorrhea,2018,Tennessee,47,Female,20-24,"2,262",1023.7
Gonorrhea,2018,Tennessee,47,Female,15-19,"1,689",815
Gonorrhea,2018,Tennessee,47,Female,0-14,81,13.2
Gonorrhea,2018,Texas,48,Male,65+,107,6.9
Gonorrhea,2018,Texas,48,Male,55-64,582,37.7
Gonorrhea,2018,Texas,48,Male,45-54,"1,401",79.6
Gonorrhea,2018,Texas,48,Male,40-44,"1,278",140.3
Gonorrhea,2018,Texas,48,Male,35-39,"2,165",218.1
Gonorrhea,2018,Texas,48,Male,30-34,"3,839",370.4
Gonorrhea,2018,Texas,48,Male,25-29,"6,427",594.5
Gonorrhea,2018,Texas,48,Male,20-24,"7,541",732.7
Gonorrhea,2018,Texas,48,Male,15-19,"3,701",360.4
Gonorrhea,2018,Texas,48,Male,0-14,61,1.9
Gonorrhea,2018,Texas,48,Female,65+,20,1
Gonorrhea,2018,Texas,48,Female,55-64,99,6
Gonorrhea,2018,Texas,48,Female,45-54,411,23
Gonorrhea,2018,Texas,48,Female,40-44,532,57.9
Gonorrhea,2018,Texas,48,Female,35-39,"1,010",102.8
Gonorrhea,2018,Texas,48,Female,30-34,"1,879",186.2
Gonorrhea,2018,Texas,48,Female,25-29,"3,619",349.6
Gonorrhea,2018,Texas,48,Female,20-24,"6,584",684.2
Gonorrhea,2018,Texas,48,Female,15-19,"5,620",574.6
Gonorrhea,2018,Texas,48,Female,0-14,187,6.2
Gonorrhea,2018,Utah,49,Male,65+,12,7.7
Gonorrhea,2018,Utah,49,Male,55-64,62,42.6
Gonorrhea,2018,Utah,49,Male,45-54,151,94.2
Gonorrhea,2018,Utah,49,Male,40-44,139,140.7
Gonorrhea,2018,Utah,49,Male,35-39,233,200.3
Gonorrhea,2018,Utah,49,Male,30-34,343,313.4
Gonorrhea,2018,Utah,49,Male,25-29,421,342.3
Gonorrhea,2018,Utah,49,Male,20-24,461,355.2
Gonorrhea,2018,Utah,49,Male,15-19,131,106.2
Gonorrhea,2018,Utah,49,Male,0-14,0,0
Gonorrhea,2018,Utah,49,Female,65+,0,0
Gonorrhea,2018,Utah,49,Female,55-64,8,5.3
Gonorrhea,2018,Utah,49,Female,45-54,30,19.1
Gonorrhea,2018,Utah,49,Female,40-44,52,54.8
Gonorrhea,2018,Utah,49,Female,35-39,103,91.6
Gonorrhea,2018,Utah,49,Female,30-34,121,112.2
Gonorrhea,2018,Utah,49,Female,25-29,199,169.9
Gonorrhea,2018,Utah,49,Female,20-24,228,184
Gonorrhea,2018,Utah,49,Female,15-19,188,158.2
Gonorrhea,2018,Utah,49,Female,0-14,13,3.4
Gonorrhea,2018,Vermont,50,Male,65+,2,3.7
Gonorrhea,2018,Vermont,50,Male,55-64,7,14.8
Gonorrhea,2018,Vermont,50,Male,45-54,15,36.6
Gonorrhea,2018,Vermont,50,Male,40-44,7,41.9
Gonorrhea,2018,Vermont,50,Male,35-39,13,73.1
Gonorrhea,2018,Vermont,50,Male,30-34,22,121.2
Gonorrhea,2018,Vermont,50,Male,25-29,26,136.8
Gonorrhea,2018,Vermont,50,Male,20-24,26,108.9
Gonorrhea,2018,Vermont,50,Male,15-19,8,37.3
Gonorrhea,2018,Vermont,50,Male,0-14,0,0
Gonorrhea,2018,Vermont,50,Female,65+,0,0
Gonorrhea,2018,Vermont,50,Female,55-64,2,4
Gonorrhea,2018,Vermont,50,Female,45-54,2,4.7
Gonorrhea,2018,Vermont,50,Female,40-44,4,23.5
Gonorrhea,2018,Vermont,50,Female,35-39,11,60.5
Gonorrhea,2018,Vermont,50,Female,30-34,20,110
Gonorrhea,2018,Vermont,50,Female,25-29,34,192.7
Gonorrhea,2018,Vermont,50,Female,20-24,45,200.6
Gonorrhea,2018,Vermont,50,Female,15-19,22,107.6
Gonorrhea,2018,Vermont,50,Female,0-14,0,0
Gonorrhea,2018,Virginia,54,Male,65+,54,9.6
Gonorrhea,2018,Virginia,54,Male,55-64,200,37.9
Gonorrhea,2018,Virginia,54,Male,45-54,428,76
Gonorrhea,2018,Virginia,54,Male,40-44,302,116.2
Gonorrhea,2018,Virginia,54,Male,35-39,616,217.1
Gonorrhea,2018,Virginia,54,Male,30-34,"1,026",348.8
Gonorrhea,2018,Virginia,54,Male,25-29,"1,715",561
Gonorrhea,2018,Virginia,54,Male,20-24,"1,745",577.2
Gonorrhea,2018,Virginia,54,Male,15-19,435,158.3
Gonorrhea,2018,Virginia,54,Male,0-14,2,0.3
Gonorrhea,2018,Virginia,54,Female,65+,3,0.4
Gonorrhea,2018,Virginia,54,Female,55-64,43,7.6
Gonorrhea,2018,Virginia,54,Female,45-54,81,13.8
Gonorrhea,2018,Virginia,54,Female,40-44,123,46.5
Gonorrhea,2018,Virginia,54,Female,35-39,306,107.1
Gonorrhea,2018,Virginia,54,Female,30-34,586,201.8
Gonorrhea,2018,Virginia,54,Female,25-29,"1,217",412.6
Gonorrhea,2018,Virginia,54,Female,20-24,"1,860",663.2
Gonorrhea,2018,Virginia,54,Female,15-19,968,365.1
Gonorrhea,2018,Virginia,54,Female,0-14,19,2.5
Gonorrhea,2018,Washington,53,Male,65+,52,10.2
Gonorrhea,2018,Washington,53,Male,55-64,303,64.8
Gonorrhea,2018,Washington,53,Male,45-54,744,156.7
Gonorrhea,2018,Washington,53,Male,40-44,514,222.9
Gonorrhea,2018,Washington,53,Male,35-39,"1,000",379.6
Gonorrhea,2018,Washington,53,Male,30-34,"1,354",484.1
Gonorrhea,2018,Washington,53,Male,25-29,"1,617",543
Gonorrhea,2018,Washington,53,Male,20-24,"1,298",519.9
Gonorrhea,2018,Washington,53,Male,15-19,387,169.4
Gonorrhea,2018,Washington,53,Male,0-14,9,1.3
Gonorrhea,2018,Washington,53,Female,65+,9,1.5
Gonorrhea,2018,Washington,53,Female,55-64,43,8.8
Gonorrhea,2018,Washington,53,Female,45-54,167,35.5
Gonorrhea,2018,Washington,53,Female,40-44,192,85.2
Gonorrhea,2018,Washington,53,Female,35-39,381,150.2
Gonorrhea,2018,Washington,53,Female,30-34,610,229.5
Gonorrhea,2018,Washington,53,Female,25-29,837,305.4
Gonorrhea,2018,Washington,53,Female,20-24,991,431.7
Gonorrhea,2018,Washington,53,Female,15-19,652,301.6
Gonorrhea,2018,Washington,53,Female,0-14,39,5.8
Gonorrhea,2018,West Virginia,54,Male,65+,4,2.5
Gonorrhea,2018,West Virginia,54,Male,55-64,21,16.5
Gonorrhea,2018,West Virginia,54,Male,45-54,35,29.3
Gonorrhea,2018,West Virginia,54,Male,40-44,31,56.8
Gonorrhea,2018,West Virginia,54,Male,35-39,58,104.5
Gonorrhea,2018,West Virginia,54,Male,30-34,103,196.3
Gonorrhea,2018,West Virginia,54,Male,25-29,134,230.1
Gonorrhea,2018,West Virginia,54,Male,20-24,159,268.8
Gonorrhea,2018,West Virginia,54,Male,15-19,54,96.7
Gonorrhea,2018,West Virginia,54,Male,0-14,2,1.3
Gonorrhea,2018,West Virginia,54,Female,65+,0,0
Gonorrhea,2018,West Virginia,54,Female,55-64,5,3.7
Gonorrhea,2018,West Virginia,54,Female,45-54,11,9.2
Gonorrhea,2018,West Virginia,54,Female,40-44,24,44.5
Gonorrhea,2018,West Virginia,54,Female,35-39,39,71.2
Gonorrhea,2018,West Virginia,54,Female,30-34,90,179
Gonorrhea,2018,West Virginia,54,Female,25-29,117,212.4
Gonorrhea,2018,West Virginia,54,Female,20-24,152,272.3
Gonorrhea,2018,West Virginia,54,Female,15-19,96,183.5
Gonorrhea,2018,West Virginia,54,Female,0-14,8,5.4
Gonorrhea,2018,Wisconsin,55,Male,65+,28,6.5
Gonorrhea,2018,Wisconsin,55,Male,55-64,161,39.9
Gonorrhea,2018,Wisconsin,55,Male,45-54,295,77.5
Gonorrhea,2018,Wisconsin,55,Male,40-44,188,113.3
Gonorrhea,2018,Wisconsin,55,Male,35-39,342,184.6
Gonorrhea,2018,Wisconsin,55,Male,30-34,592,319.1
Gonorrhea,2018,Wisconsin,55,Male,25-29,852,450.9
Gonorrhea,2018,Wisconsin,55,Male,20-24,"1,060",519.5
Gonorrhea,2018,Wisconsin,55,Male,15-19,668,344.4
Gonorrhea,2018,Wisconsin,55,Male,0-14,22,4.1
Gonorrhea,2018,Wisconsin,55,Female,65+,3,0.6
Gonorrhea,2018,Wisconsin,55,Female,55-64,17,4.1
Gonorrhea,2018,Wisconsin,55,Female,45-54,82,21.6
Gonorrhea,2018,Wisconsin,55,Female,40-44,87,53.6
Gonorrhea,2018,Wisconsin,55,Female,35-39,186,103.1
Gonorrhea,2018,Wisconsin,55,Female,30-34,400,221.8
Gonorrhea,2018,Wisconsin,55,Female,25-29,717,406.1
Gonorrhea,2018,Wisconsin,55,Female,20-24,"1,090",551.2
Gonorrhea,2018,Wisconsin,55,Female,15-19,"1,015",545
Gonorrhea,2018,Wisconsin,55,Female,0-14,73,14.1
Gonorrhea,2018,Wyoming,56,Male,65+,0,0
Gonorrhea,2018,Wyoming,56,Male,55-64,3,7.4
Gonorrhea,2018,Wyoming,56,Male,45-54,7,20.5
Gonorrhea,2018,Wyoming,56,Male,40-44,2,11.6
Gonorrhea,2018,Wyoming,56,Male,35-39,23,115
Gonorrhea,2018,Wyoming,56,Male,30-34,34,164
Gonorrhea,2018,Wyoming,56,Male,25-29,39,189.1
Gonorrhea,2018,Wyoming,56,Male,20-24,25,123.2
Gonorrhea,2018,Wyoming,56,Male,15-19,20,106
Gonorrhea,2018,Wyoming,56,Male,0-14,0,0
Gonorrhea,2018,Wyoming,56,Female,65+,0,0
Gonorrhea,2018,Wyoming,56,Female,55-64,0,0
Gonorrhea,2018,Wyoming,56,Female,45-54,0,0
Gonorrhea,2018,Wyoming,56,Female,40-44,5,31.3
Gonorrhea,2018,Wyoming,56,Female,35-39,11,59.7
Gonorrhea,2018,Wyoming,56,Female,30-34,20,103.8
Gonorrhea,2018,Wyoming,56,Female,25-29,40,211.7
Gonorrhea,2018,Wyoming,56,Female,20-24,50,278.6
Gonorrhea,2018,Wyoming,56,Female,15-19,32,185.5
Gonorrhea,2018,Wyoming,56,Female,0-14,0,0
